Name,Average Attention Span,Time in seconds,Subject
1032200614,32.460732984293195,12.961530208587646,DC
